Asset ID,Asset Category,Asset,Observed Configuration,Why It Matters,Confidentiality,Integrity,Availability
A-01,Compute,Azure Virtual Machine GRC-Windows-VM01,"Windows 11 Pro 25H2 x64 Gen 2 (image win11-25h2-pro); Standard B2als_v2, 2 vCPU / 4 GiB; Standard SSD OS disk; Central India (Zone 1); Trusted Launch with Secure Boot and vTPM enabled; agent Ready",Hosts the operating system and every service in assessment scope; compromise of the host compromises everything below it,High,High,Medium
A-02,Identity,Local administrator account azureadmin,"Only enabled local account; sole member of the local Administrators group; password authentication only; DefaultAccount, Guest and WDAGUtilityAccount are present but disabled",Administrators have complete and unrestricted access to the computer; this account is the highest-value target on the host,High,High,High
A-03,Network,Public IP address bound to the VM NIC,"Public IPv4 enabled on NIC grc-windows-vm01718_z1; no DNS name configured; private address 10.1.0.4",Makes the workload directly reachable from the internet and is what turns a local weakness into a remotely exploitable one,Medium,Medium,High
A-04,Network,RDP service on TCP port 3389,"Inbound NSG rule ""RDP"" priority 300, TCP/3389, Source Any, Destination Any, Action Allow",The single authenticated entry path into the host and the most frequently attacked management port on the internet,High,High,High
A-05,Network,Network security group GRC-Windows-VM01-nsg,"Attached to the network interface only (portal reports ""Impacts 0 subnets, 1 network interface""); 4 inbound rules, 3 outbound rules; admin security rules 0",The only network access control in the environment; its scope of attachment determines whether it can contain lateral movement,Low,High,Medium
A-06,Cloud control plane,Azure subscription and GRC-Lab resource group,"Azure for Students Starter subscription; all lab resources in resource group GRC-Lab; no resource locks observed",Control-plane access permits snapshot, extension execution, and deletion — it outranks any control inside the guest OS,High,High,High
A-07,Data,OS disk GRC-Windows-VM01_OsDisk,"Standard SSD managed disk; encryption at host Disabled; Azure Disk Encryption Not enabled; platform-managed SSE applies by default; 0 data disks",Holds the operating system, credential material (SAM/LSASS artefacts) and any files created during the assessment,Medium,Medium,Medium
A-08,Logging,Windows Security event log,"1,414 events at time of review; local retention only; no diagnostic settings, no Log Analytics workspace, no alert rules",The only record of who authenticated and when; without it there is no incident timeline and no detection,Medium,High,Low
A-09,Monitoring,Azure platform metrics for the VM,"Insights (now Monitor) shows platform metrics such as VM Network Bytes and Disk IOPS; Network Dropped Packets, Network Errors and Max Logical Disk Used report ""No metrics detected — configure detailed metrics""; health monitoring not enabled",Partial visibility creates false assurance: performance data is present while security-relevant guest telemetry is not,Low,Medium,Medium
