Risk ID,Risk Summary,Recommended Control,Control Type,NIST CSF 1.1,CIS Controls v8,Priority
R-01,RDP/3389 open to the internet,"Change the NSG inbound rule source from Any to a named trusted IP or CIDR; preferably remove the public RDP path entirely and use Azure Bastion or Defender for Cloud Just-in-Time VM access",Preventive,PR.AC-3; PR.PT-4,"4.6 (secure management of enterprise assets); 12.7 (remote access over managed channel)",P1 - Immediate
R-02,Single local admin with no MFA,"Require MFA for interactive administrative access via Entra ID join plus Conditional Access, or Azure Bastion with Entra login; create a named non-default admin account; enforce account lockout threshold and a strong password policy",Preventive,PR.AC-1; PR.AC-7,"5.4 (restrict administrator privileges to dedicated accounts); 6.5 (MFA for administrative access)",P1 - Immediate
R-03,Unmanaged patching and no hardening baseline,"Enrol the VM in Azure Update Manager with a recurring maintenance window; apply the Microsoft or CIS security baseline through Azure Policy guest configuration; enable Microsoft Defender for Servers vulnerability assessment",Corrective,PR.IP-1; PR.IP-12; ID.RA-1; RS.MI-3,"4.1 (secure configuration process); 7.3 (automated OS patch management)",P2 - 30 days
R-04,No centralized logging or alerting,"Create a Log Analytics workspace and route VM diagnostic settings and Security event logs to it; enable Defender for Servers; create an alert rule on Event ID 4625 volume thresholds so failed-logon bursts page a human",Detective,DE.CM-1; DE.CM-7; DE.AE-3; PR.PT-1,"8.2 (collect audit logs); 8.9 (centralize audit logs); 13.1 (centralized security event alerting)",P1 - Immediate
R-05,Standing privileged access on the subscription,"Apply least-privilege Azure RBAC role assignments; move standing Owner/Contributor rights into Entra Privileged Identity Management for just-in-time elevation; add a delete lock on the resource group; alert on Activity Log write operations",Preventive,PR.AC-4; ID.GV-2,"5.1 (account inventory); 6.8 (role-based access control)",P2 - 30 days
R-06,NSG applied at NIC level only,"Attach an NSG to the subnet in addition to the NIC and use Application Security Groups to express intent; explicitly deny east-west RDP and SMB between workload tiers",Preventive,PR.AC-5; PR.PT-4,"12.2 (secure network architecture); 4.4 (host-based firewall)",P3 - 90 days
R-07,Unrestricted outbound internet access,"Constrain egress with NSG destination rules or route through Azure Firewall with FQDN filtering; enable NSG flow logs and traffic analytics for egress visibility",Preventive / Detective,PR.PT-4; DE.AE-3,"13.6 (collect network traffic flow logs); 12.2 (secure network architecture)",P3 - 90 days
R-08,No backup or recovery point,"Configure Azure Backup with a Recovery Services vault and a daily policy; enable soft delete on the vault; add a CanNotDelete resource lock on the VM",Corrective,PR.IP-4; RC.RP-1,"11.2 (perform automated backups); 11.3 (protect recovery data)",P2 - 30 days
R-09,Disk encryption and integrity monitoring gaps,"Enable encryption at host; enable Trusted Launch integrity monitoring so attestation failures generate alerts; adopt customer-managed keys if data classification later requires key ownership",Preventive / Detective,PR.DS-1; DE.CM-7,"3.11 (encrypt sensitive data at rest); 4.1 (secure configuration process)",P4 - Accepted for lab scope
