Risk ID,Asset,Threat,Vulnerability,Likelihood (1-5),Impact (1-5),Risk Score,Rating,Justification,Evidence
R-01,"RDP endpoint (TCP/3389) on VM public IP","Automated brute-force / password-spray against internet-facing RDP","NSG rule ""RDP"" (priority 300) allows TCP/3389 from Source: Any to Destination: Any; Azure flags the rule as insecure",5,4,20,Critical,"Likelihood is scored at the maximum because exposure is not theoretical: the Windows Security log recorded repeated Event ID 4625 (An account failed to log on) entries with a NULL SID at approximately 95-second intervals within hours of deployment, which is consistent with automated authentication attempts. Impact is 4 because a successful authentication yields an interactive session on the host but not the Azure control plane.","screenshots/28-nsg-inbound-rules-rdp-open.png; screenshots/48-event-viewer-security-log-4625.png"
R-02,"azureadmin local administrator account","Credential compromise leading to full system control","Password-only authentication over RDP; no MFA; azureadmin is the sole enabled local account and the only member of the Administrators group",4,5,20,Critical,"Likelihood is 4 because the account name is predictable, the endpoint is internet-reachable, and no lockout or MFA control was observed. Impact is 5 because Administrators have complete and unrestricted access to the host, so compromise equals total loss of confidentiality, integrity and availability for the asset.","screenshots/30-get-localuser-output.png; screenshots/40-administrators-group-membership.png"
R-03,"Windows 11 Pro (25H2) guest operating system","Exploitation of known unpatched vulnerabilities","Default OS configuration only; no CIS Benchmark or Microsoft security baseline applied; no Group Policy hardening; patching is unmanaged (no Azure Update Manager schedule); no VM extensions installed",3,4,12,High,"Likelihood is 3 because exploitation generally requires a specific unpatched CVE rather than a guessed password, but an unmanaged patch cadence makes exposure windows open-ended. Impact is 4 because most privilege-escalation and RCE chains on this host would result in SYSTEM-level control.","screenshots/26-operating-system-blade.png; screenshots/33-vm-overview-security-and-extensions.png"
R-04,"Windows Security event log / audit trail","Undetected intrusion and loss of forensic evidence","Logs are retained only on the local host; no diagnostic settings, no Log Analytics workspace, no Defender for Servers, no alert rules; detailed VM metrics not configured",4,3,12,High,"Likelihood is 4 because malicious activity is already present in the log (4625 audit failures) and nothing is currently configured to surface it to anyone. Impact is 3 because the absence of detection does not by itself cause loss, but it extends dwell time and destroys evidence if the host is rebuilt or the log rolls over.","screenshots/44-monitor-metrics-partial.png; screenshots/48-event-viewer-security-log-4625.png"
R-05,"Azure subscription and GRC-Lab resource group","Privilege misuse or unauthorized configuration change on the management plane","Single identity holds standing high-privilege access; no RBAC role separation; no Privileged Identity Management; no resource locks; no Activity Log alerts",2,5,10,Medium,"Likelihood is 2 because the management plane is protected by the identity provider rather than by an exposed port, and the lab has a single trusted operator. Impact is 5 because control-plane compromise allows deletion, exfiltration via snapshot, or extension-based code execution across every resource in the subscription.","screenshots/31-vm-overview-public-exposure.png"
R-06,"Virtual network segmentation (GRC-Windows-VM01-vnet / default subnet)","Lateral movement following initial host compromise","NSG is bound to the network interface only. The portal reports ""Impacts 0 subnets, 1 network interface"" and effective security rules count is 0; there is no subnet-level NSG and no Application Security Groups",2,4,8,Medium,"Likelihood is 2 because the lab currently holds a single workload, so there is little to move laterally toward. Impact is 4 because the NIC-only design removes a defence-in-depth layer and would not contain an attacker if additional hosts were added to the same subnet.","screenshots/28-nsg-inbound-rules-rdp-open.png"
R-07,"Outbound network path from the VM","Command-and-control beaconing or data exfiltration after compromise","Default rule AllowInternetOutBound (priority 65001) permits all outbound traffic to the internet; no egress filtering, no Azure Firewall, no NSG flow logs",2,4,8,Medium,"Likelihood is 2 because this risk is only realised after a successful initial compromise. Impact is 4 because unrestricted egress means an attacker who lands on the host can establish C2 and move data out without hitting a single control.","screenshots/28-nsg-inbound-rules-rdp-open.png"
R-08,"VM availability and recoverability","Ransomware, destructive attack, or accidental deletion with no recovery point","Backup + disaster recovery not configured; no Recovery Services vault; no snapshots; no resource lock; auto-shutdown not enabled",2,4,8,Medium,"Likelihood is 2 in a lab with no production data. Impact is 4 because with no recovery point the only response to a destructive event is a full rebuild, and any state on the host is permanently lost.","screenshots/33-vm-overview-security-and-extensions.png"
R-09,"OS disk and boot integrity","Offline disk access or boot-level tampering","Encryption at host is Disabled and Azure Disk Encryption is Not enabled; Trusted Launch is on with Secure Boot and vTPM enabled, but integrity monitoring (guest attestation) is Disabled",1,3,3,Low,"Likelihood is 1 because Azure managed disks are already encrypted at rest by default using platform-managed keys, and Secure Boot with vTPM is active. Impact is 3 and the residual gap is the absence of customer-managed key control and the loss of attestation alerting rather than plaintext data at rest. Retained in the register as an accepted risk for lab scope.","screenshots/33-vm-overview-security-and-extensions.png"
